ID,Casa,Categoría,Perfume
PERF-0001,Lattafa,Árabe,Khamrah
PERF-0002,Lattafa,Árabe,Khamrah Qahwa
PERF-0003,Lattafa,Árabe,Asad
PERF-0004,Lattafa,Árabe,Asad Zanzibar
PERF-0005,Lattafa,Árabe,Yara
PERF-0006,Lattafa,Árabe,Yara Moi
PERF-0007,Lattafa,Árabe,Yara Tous
PERF-0008,Lattafa,Árabe,Bade'e Al Oud Oud for Glory
PERF-0009,Lattafa,Árabe,Bade'e Al Oud Amethyst
PERF-0010,Lattafa,Árabe,Bade'e Al Oud Sublime
PERF-0011,Lattafa,Árabe,Fakhar Black
PERF-0012,Lattafa,Árabe,Fakhar Rose
PERF-0013,Lattafa,Árabe,Haya
PERF-0014,Lattafa,Árabe,Eclaire
PERF-0015,Lattafa,Árabe,Nebras
PERF-0016,Lattafa,Árabe,Ana Abiyedh Rouge
PERF-0017,Lattafa,Árabe,Raghba
PERF-0018,Lattafa,Árabe,Ameer Al Oudh Intense Oud
PERF-0019,Lattafa,Árabe,Maahir Legacy
PERF-0020,Lattafa,Árabe,Maahir Black Edition
PERF-0021,Lattafa,Árabe,Maahir Gold
PERF-0022,Lattafa,Árabe,Qaed Al Fursan
PERF-0023,Lattafa,Árabe,Ramz Silver
PERF-0024,Lattafa,Árabe,Najdia
PERF-0025,Afnan,Árabe,9 PM
PERF-0026,Afnan,Árabe,9 AM Dive
PERF-0027,Afnan,Árabe,9 AM
PERF-0028,Afnan,Árabe,9 PM Rebel
PERF-0029,Afnan,Árabe,Turathi Blue
PERF-0030,Afnan,Árabe,Turathi Brown
PERF-0031,Afnan,Árabe,Supremacy Not Only Intense
PERF-0032,Afnan,Árabe,Supremacy Silver
PERF-0033,Afnan,Árabe,Supremacy Oud
PERF-0034,Afnan,Árabe,Rare Carbon
PERF-0035,Afnan,Árabe,Modest Une
PERF-0036,Afnan,Árabe,Modest Deux
PERF-0037,Afnan,Árabe,Historic Olmeda
PERF-0038,Afnan,Árabe,Historic Doria
PERF-0039,Afnan,Árabe,Turathi Electric
PERF-0040,Afnan,Árabe,Edict Ouddiction
PERF-0041,Afnan,Árabe,Highness III
PERF-0042,Afnan,Árabe,Highness IV
PERF-0043,Afnan,Árabe,Mirsaal of Trust
PERF-0044,Afnan,Árabe,Tribute Blue
PERF-0045,Armaf,Árabe,Club de Nuit Intense Man
PERF-0046,Armaf,Árabe,Club de Nuit Intense Man Limited Edition
PERF-0047,Armaf,Árabe,Club de Nuit Milestone
PERF-0048,Armaf,Árabe,Club de Nuit Sillage
PERF-0049,Armaf,Árabe,Club de Nuit Untold
PERF-0050,Armaf,Árabe,Club de Nuit Woman
PERF-0051,Armaf,Árabe,Club de Nuit Woman Intense
PERF-0052,Armaf,Árabe,Club de Nuit Iconic
PERF-0053,Armaf,Árabe,Odyssey Homme
PERF-0054,Armaf,Árabe,Odyssey Homme White Edition
PERF-0055,Armaf,Árabe,Odyssey Homme Black
PERF-0056,Armaf,Árabe,Odyssey Mandarin Sky
PERF-0057,Armaf,Árabe,Tres Nuit
PERF-0058,Armaf,Árabe,Tres Nuit Lyric
PERF-0059,Armaf,Árabe,Hunter Intense
PERF-0060,Armaf,Árabe,Craze
PERF-0061,Armaf,Árabe,Tag-Him
PERF-0062,Rasasi,Árabe,Hawas for Him
PERF-0063,Rasasi,Árabe,Hawas Ice
PERF-0064,Rasasi,Árabe,Hawas Black
PERF-0065,Rasasi,Árabe,Hawas Elixir
PERF-0066,Rasasi,Árabe,Hawas for Her
PERF-0067,Rasasi,Árabe,Daarej Pour Homme
PERF-0068,Rasasi,Árabe,La Yuqawam Homme
PERF-0069,Rasasi,Árabe,La Yuqawam Jasmine Wisp
PERF-0070,Rasasi,Árabe,Shuhrah Pour Homme
PERF-0071,Rasasi,Árabe,Shuhrah Pour Femme
PERF-0072,Rasasi,Árabe,Fattan
PERF-0073,Rasasi,Árabe,Qasamat Ebhar
PERF-0074,Rasasi,Árabe,Qasamat Rasana
PERF-0075,Rasasi,Árabe,Egra Men
PERF-0076,Rasasi,Árabe,Sotoor Taa
PERF-0077,Rasasi,Árabe,Sotoor Waaw
PERF-0078,Rasasi,Árabe,Junoon Velvet
PERF-0079,Rasasi,Árabe,Al Wisam Day
PERF-0080,Rasasi,Árabe,Al Wisam Evening
PERF-0081,Al Haramain,Árabe,Amber Oud Gold Edition
PERF-0082,Al Haramain,Árabe,Amber Oud Tobacco Edition
PERF-0083,Al Haramain,Árabe,Amber Oud Rouge
PERF-0084,Al Haramain,Árabe,Amber Oud Carbon Edition
PERF-0085,Al Haramain,Árabe,Amber Oud Exclusif Bleu
PERF-0086,Al Haramain,Árabe,Detour Noir
PERF-0087,Al Haramain,Árabe,L'Aventure
PERF-0088,Al Haramain,Árabe,L'Aventure Knight
PERF-0089,Al Haramain,Árabe,L'Aventure Femme
PERF-0090,Al Haramain,Árabe,Detour Rouge
PERF-0091,Al Haramain,Árabe,Portfolio Neroli Canvas
PERF-0092,Al Haramain,Árabe,Portfolio Royale Stallion
PERF-0093,Al Haramain,Árabe,Portfolio Euphoric Roots
PERF-0094,Al Haramain,Árabe,Portfolio Amber Grand
PERF-0095,Al Haramain,Árabe,Areej Al Oud
PERF-0096,Swiss Arabian,Árabe,Shaghaf Oud
PERF-0097,Swiss Arabian,Árabe,Shaghaf Oud Aswad
PERF-0098,Swiss Arabian,Árabe,Shaghaf Oud Ahmar
PERF-0099,Swiss Arabian,Árabe,Shaghaf Oud Tonka
PERF-0100,Swiss Arabian,Árabe,Shaghaf Oud Abyad
PERF-0101,Swiss Arabian,Árabe,Shaghaf Pour Femme
PERF-0102,Swiss Arabian,Árabe,Layali Rouge
PERF-0103,Swiss Arabian,Árabe,Layali El Rashid
PERF-0104,Swiss Arabian,Árabe,Casablanca
PERF-0105,Swiss Arabian,Árabe,Private Oud
PERF-0106,Swiss Arabian,Árabe,Edge Intense
PERF-0107,Swiss Arabian,Árabe,Pure Instinct
PERF-0108,Swiss Arabian,Árabe,Musk 07
PERF-0109,Swiss Arabian,Árabe,Oud 07
PERF-0110,Swiss Arabian,Árabe,Primal Code
PERF-0111,Swiss Arabian,Árabe,Gharaam
PERF-0112,Ajmal,Árabe,Amber Wood
PERF-0113,Ajmal,Árabe,Amber Musc
PERF-0114,Ajmal,Árabe,Evocative Oudh
PERF-0115,Ajmal,Árabe,Wisdom
PERF-0116,Ajmal,Árabe,Aristocrat
PERF-0117,Ajmal,Árabe,Aristocrat for Her
PERF-0118,Ajmal,Árabe,Kuro
PERF-0119,Ajmal,Árabe,Silver Shade
PERF-0120,Ajmal,Árabe,Blu
PERF-0121,Ajmal,Árabe,Carbon
PERF-0122,Ajmal,Árabe,Evoke Gold for Him
PERF-0123,Ajmal,Árabe,Evoke Gold for Her
PERF-0124,Ajmal,Árabe,Raindrops
PERF-0125,Ajmal,Árabe,Sacrifice for Her
PERF-0126,Ajmal,Árabe,Dahn Al Oudh Moattaq
PERF-0127,Khadlaj,Árabe,Shiyaaka Blue
PERF-0128,Khadlaj,Árabe,Shiyaaka Women
PERF-0129,Khadlaj,Árabe,Island
PERF-0130,Khadlaj,Árabe,Island Vanilla
PERF-0131,Khadlaj,Árabe,Empire Victor
PERF-0132,Khadlaj,Árabe,Empire Crown
PERF-0133,Khadlaj,Árabe,Lamar
PERF-0134,Khadlaj,Árabe,Lamar Noir
PERF-0135,Khadlaj,Árabe,Karus Oud
PERF-0136,Khadlaj,Árabe,Musk Al Tahara
PERF-0137,Khadlaj,Árabe,Hareem Al Sultan Gold
PERF-0138,Khadlaj,Árabe,Hareem Al Sultan Blue
PERF-0139,Khadlaj,Árabe,Maison Epoque
PERF-0140,Khadlaj,Árabe,Gaith
PERF-0141,Maison Alhambra,Árabe,Tobacco Touch
PERF-0142,Maison Alhambra,Árabe,Woody Oud
PERF-0143,Maison Alhambra,Árabe,Bright Peach
PERF-0144,Maison Alhambra,Árabe,Kismet Angel
PERF-0145,Maison Alhambra,Árabe,Kismet Magic
PERF-0146,Maison Alhambra,Árabe,Kismet for Men
PERF-0147,Maison Alhambra,Árabe,The Tux
PERF-0148,Maison Alhambra,Árabe,Lovely Cherie
PERF-0149,Maison Alhambra,Árabe,Delilah
PERF-0150,Maison Alhambra,Árabe,Porto Neroli
PERF-0151,Maison Alhambra,Árabe,Yeah!
PERF-0152,Maison Alhambra,Árabe,Salvo
PERF-0153,Maison Alhambra,Árabe,Salvo Elixir
PERF-0154,Maison Alhambra,Árabe,Baroque Rouge Extrait
PERF-0155,Maison Alhambra,Árabe,Amber & Leather
PERF-0156,Maison Alhambra,Árabe,Sceptre Bronzite
PERF-0157,Maison Alhambra,Árabe,Galatea
PERF-0158,Maison Alhambra,Árabe,Fabulo Intense
PERF-0159,Maison Alhambra,Árabe,Infini Rose
PERF-0160,Paris Corner,Árabe,Emir Cedrat Essence
PERF-0161,Paris Corner,Árabe,Emir Vibrant Vetiver Delight
PERF-0162,Paris Corner,Árabe,Emir Wild and Tobacco
PERF-0163,Paris Corner,Árabe,Emir Voux Elegante
PERF-0164,Paris Corner,Árabe,Emir Celestial
PERF-0165,Paris Corner,Árabe,Emir Super Crush
PERF-0166,Paris Corner,Árabe,Khair Fusion
PERF-0167,Paris Corner,Árabe,Khair Pistachio
PERF-0168,Paris Corner,Árabe,Khair Confection
PERF-0169,Paris Corner,Árabe,Qissa Delicious
PERF-0170,Paris Corner,Árabe,Qissa Pink
PERF-0171,Paris Corner,Árabe,North Stag Expressions IV Casablanca
PERF-0172,Paris Corner,Árabe,North Stag Expressions III Deux
PERF-0173,Fragrance World,Árabe,Barakkat Rouge 540
PERF-0174,Fragrance World,Árabe,Barakkat Gentle Gold
PERF-0175,Fragrance World,Árabe,Barakkat Ambre Eve
PERF-0176,Fragrance World,Árabe,Barakkat Satin Oud
PERF-0177,Fragrance World,Árabe,Suits
PERF-0178,Fragrance World,Árabe,Imperium
PERF-0179,Fragrance World,Árabe,Star Men Nebula
PERF-0180,Fragrance World,Árabe,Proud of You Absolute
PERF-0181,Fragrance World,Árabe,Proud of You
PERF-0182,Fragrance World,Árabe,Jack of Clubs
PERF-0183,Fragrance World,Árabe,After Effect
PERF-0184,Fragrance World,Árabe,Fabulous Life
PERF-0185,Fragrance World,Árabe,French Avenue Liquid Brun
PERF-0186,Fragrance World,Árabe,French Avenue Spectre Ghost
PERF-0187,Al Wataniah,Árabe,Kayaan Classic
PERF-0188,Al Wataniah,Árabe,Kayaan Gold
PERF-0189,Al Wataniah,Árabe,Oud Mood Elixir
PERF-0190,Al Wataniah,Árabe,Attar Al Wesal
PERF-0191,Al Wataniah,Árabe,Sabah Al Ward
PERF-0192,Al Wataniah,Árabe,Ghala
PERF-0193,Al Wataniah,Árabe,Lazuli
PERF-0194,Al Wataniah,Árabe,Durrat Al Aroos
PERF-0195,Al Wataniah,Árabe,Shagaf Al Ward
PERF-0196,Al Wataniah,Árabe,Watani
PERF-0197,Al Wataniah,Árabe,Thahani
PERF-0198,Ard Al Zaafaran,Árabe,Dirham
PERF-0199,Ard Al Zaafaran,Árabe,Dirham Wardi
PERF-0200,Ard Al Zaafaran,Árabe,Dirham Gold
PERF-0201,Ard Al Zaafaran,Árabe,Oud 24 Hours
PERF-0202,Ard Al Zaafaran,Árabe,Midnight Oud
PERF-0203,Ard Al Zaafaran,Árabe,Ameerat Al Arab
PERF-0204,Ard Al Zaafaran,Árabe,Ameerat Al Arab Prive Rose
PERF-0205,Ard Al Zaafaran,Árabe,Ishq Al Shuyukh Silver
PERF-0206,Ard Al Zaafaran,Árabe,Mousuf Ramadi
PERF-0207,Ard Al Zaafaran,Árabe,Mousuf Wardi
PERF-0208,Ard Al Zaafaran,Árabe,Jazzab Silver
PERF-0209,Arabiyat Prestige,Árabe,Omnia
PERF-0210,Arabiyat Prestige,Árabe,Lail Maleki
PERF-0211,Arabiyat Prestige,Árabe,Areej Al Oud
PERF-0212,Arabiyat Prestige,Árabe,Marwa
PERF-0213,Arabiyat Prestige,Árabe,Oud Al Layl
PERF-0214,Arabiyat Prestige,Árabe,Marshoud 4 White
PERF-0215,Arabiyat Prestige,Árabe,Al Safa
PERF-0216,Arabiyat Prestige,Árabe,Sultan Al Lail
PERF-0217,Arabiyat Prestige,Árabe,Al Watan
PERF-0218,Arabiyat Prestige,Árabe,Ghuroor
PERF-0219,Arabiyat Prestige,Árabe,Junaid
PERF-0220,Nabeel,Árabe,Machan
PERF-0221,Nabeel,Árabe,Oudh Nabeel
PERF-0222,Nabeel,Árabe,Black Leather
PERF-0223,Nabeel,Árabe,Touch Me
PERF-0224,Nabeel,Árabe,Irth
PERF-0225,Nabeel,Árabe,Arabian Classic
PERF-0226,Nabeel,Árabe,Al Bashiq
PERF-0227,Nabeel,Árabe,Musk Al Ghazal
PERF-0228,Dior,Diseñador,Sauvage Eau de Toilette
PERF-0229,Dior,Diseñador,Sauvage Eau de Parfum
PERF-0230,Dior,Diseñador,Sauvage Elixir
PERF-0231,Dior,Diseñador,Sauvage Parfum
PERF-0232,Dior,Diseñador,Dior Homme Intense
PERF-0233,Dior,Diseñador,Dior Homme Parfum
PERF-0234,Dior,Diseñador,Dior Homme Sport
PERF-0235,Dior,Diseñador,Fahrenheit
PERF-0236,Dior,Diseñador,Fahrenheit Le Parfum
PERF-0237,Dior,Diseñador,Miss Dior Eau de Parfum
PERF-0238,Dior,Diseñador,J'adore Eau de Parfum
PERF-0239,Dior,Diseñador,Hypnotic Poison
PERF-0240,Dior,Diseñador,Poison Girl
PERF-0241,Dior,Diseñador,Dior Addict
PERF-0242,Dior,Diseñador,Dune
PERF-0243,Chanel,Diseñador,Bleu de Chanel Eau de Toilette
PERF-0244,Chanel,Diseñador,Bleu de Chanel Eau de Parfum
PERF-0245,Chanel,Diseñador,Bleu de Chanel Parfum
PERF-0246,Chanel,Diseñador,Allure Homme Sport
PERF-0247,Chanel,Diseñador,Allure Homme Edition Blanche
PERF-0248,Chanel,Diseñador,Allure Homme Sport Eau Extreme
PERF-0249,Chanel,Diseñador,Coco Mademoiselle
PERF-0250,Chanel,Diseñador,Coco Mademoiselle Intense
PERF-0251,Chanel,Diseñador,Chance Eau de Parfum
PERF-0252,Chanel,Diseñador,Chance Eau Tendre
PERF-0253,Chanel,Diseñador,Chance Eau Fraîche
PERF-0254,Chanel,Diseñador,N°5 Eau de Parfum
PERF-0255,Chanel,Diseñador,N°5 L'Eau
PERF-0256,Chanel,Diseñador,Gabrielle
PERF-0257,Yves Saint Laurent,Diseñador,Y Eau de Toilette
PERF-0258,Yves Saint Laurent,Diseñador,Y Eau de Parfum
PERF-0259,Yves Saint Laurent,Diseñador,Y Le Parfum
PERF-0260,Yves Saint Laurent,Diseñador,Y Eau de Parfum Intense
PERF-0261,Yves Saint Laurent,Diseñador,La Nuit de L'Homme
PERF-0262,Yves Saint Laurent,Diseñador,La Nuit de L'Homme Bleu Électrique
PERF-0263,Yves Saint Laurent,Diseñador,MYSLF
PERF-0264,Yves Saint Laurent,Diseñador,Libre Eau de Parfum
PERF-0265,Yves Saint Laurent,Diseñador,Libre Intense
PERF-0266,Yves Saint Laurent,Diseñador,Libre Le Parfum
PERF-0267,Yves Saint Laurent,Diseñador,Black Opium
PERF-0268,Yves Saint Laurent,Diseñador,Black Opium Le Parfum
PERF-0269,Yves Saint Laurent,Diseñador,L'Homme
PERF-0270,Yves Saint Laurent,Diseñador,Kouros
PERF-0271,Jean Paul Gaultier,Diseñador,Le Male
PERF-0272,Jean Paul Gaultier,Diseñador,Le Male Le Parfum
PERF-0273,Jean Paul Gaultier,Diseñador,Le Male Elixir
PERF-0274,Jean Paul Gaultier,Diseñador,Le Beau
PERF-0275,Jean Paul Gaultier,Diseñador,Le Beau Le Parfum
PERF-0276,Jean Paul Gaultier,Diseñador,Ultra Male
PERF-0277,Jean Paul Gaultier,Diseñador,Scandal Pour Homme
PERF-0278,Jean Paul Gaultier,Diseñador,Scandal Pour Homme Le Parfum
PERF-0279,Jean Paul Gaultier,Diseñador,Classique
PERF-0280,Jean Paul Gaultier,Diseñador,La Belle
PERF-0281,Jean Paul Gaultier,Diseñador,La Belle Le Parfum
PERF-0282,Jean Paul Gaultier,Diseñador,So Scandal!
PERF-0283,Giorgio Armani,Diseñador,Acqua di Giò
PERF-0284,Giorgio Armani,Diseñador,Acqua di Giò Profondo
PERF-0285,Giorgio Armani,Diseñador,Acqua di Giò Parfum
PERF-0286,Giorgio Armani,Diseñador,Acqua di Giò Absolu
PERF-0287,Giorgio Armani,Diseñador,Armani Code
PERF-0288,Giorgio Armani,Diseñador,Armani Code Parfum
PERF-0289,Giorgio Armani,Diseñador,Armani Code Profumo
PERF-0290,Giorgio Armani,Diseñador,Stronger With You
PERF-0291,Giorgio Armani,Diseñador,Stronger With You Intensely
PERF-0292,Giorgio Armani,Diseñador,Stronger With You Absolutely
PERF-0293,Giorgio Armani,Diseñador,My Way
PERF-0294,Giorgio Armani,Diseñador,My Way Intense
PERF-0295,Giorgio Armani,Diseñador,Si
PERF-0296,Giorgio Armani,Diseñador,Si Passione
PERF-0297,Giorgio Armani,Diseñador,Si Intense
PERF-0298,Versace,Diseñador,Eros
PERF-0299,Versace,Diseñador,Eros Flame
PERF-0300,Versace,Diseñador,Eros Parfum
PERF-0301,Versace,Diseñador,Dylan Blue
PERF-0302,Versace,Diseñador,Pour Homme
PERF-0303,Versace,Diseñador,The Dreamer
PERF-0304,Versace,Diseñador,Crystal Noir
PERF-0305,Versace,Diseñador,Bright Crystal
PERF-0306,Versace,Diseñador,Bright Crystal Absolu
PERF-0307,Versace,Diseñador,Dylan Purple
PERF-0308,Versace,Diseñador,Dylan Turquoise
PERF-0309,Gucci,Diseñador,Gucci Guilty Pour Homme
PERF-0310,Gucci,Diseñador,Gucci Guilty Eau de Parfum
PERF-0311,Gucci,Diseñador,Gucci Guilty Elixir
PERF-0312,Gucci,Diseñador,Gucci Guilty Pour Femme
PERF-0313,Gucci,Diseñador,Gucci Bloom
PERF-0314,Gucci,Diseñador,Gucci Bloom Intense
PERF-0315,Gucci,Diseñador,Gucci Bloom Profumo di Fiori
PERF-0316,Gucci,Diseñador,Gucci Flora Gorgeous Gardenia
PERF-0317,Gucci,Diseñador,Gucci Flora Gorgeous Jasmine
PERF-0318,Gucci,Diseñador,Gucci Flora Gorgeous Magnolia
PERF-0319,Gucci,Diseñador,Gucci Flora Gorgeous Orchid
PERF-0320,Gucci,Diseñador,Gucci Mémoire d'une Odeur
PERF-0321,Prada,Diseñador,L'Homme Prada
PERF-0322,Prada,Diseñador,Luna Rossa Carbon
PERF-0323,Prada,Diseñador,Luna Rossa Ocean
PERF-0324,Prada,Diseñador,Luna Rossa Black
PERF-0325,Prada,Diseñador,Luna Rossa Ocean Le Parfum
PERF-0326,Prada,Diseñador,Paradoxe
PERF-0327,Prada,Diseñador,Paradoxe Intense
PERF-0328,Prada,Diseñador,Paradoxe Virtual Flower
PERF-0329,Prada,Diseñador,Infusion d'Iris
PERF-0330,Prada,Diseñador,Candy
PERF-0331,Prada,Diseñador,Candy Night
PERF-0332,Prada,Diseñador,La Femme Prada
PERF-0333,Dolce & Gabbana,Diseñador,Light Blue Pour Homme
PERF-0334,Dolce & Gabbana,Diseñador,Light Blue Eau Intense
PERF-0335,Dolce & Gabbana,Diseñador,The One for Men
PERF-0336,Dolce & Gabbana,Diseñador,The One Eau de Parfum
PERF-0337,Dolce & Gabbana,Diseñador,The One Luminous Night
PERF-0338,Dolce & Gabbana,Diseñador,K by Dolce & Gabbana
PERF-0339,Dolce & Gabbana,Diseñador,Devotion
PERF-0340,Dolce & Gabbana,Diseñador,Q by Dolce & Gabbana
PERF-0341,Dolce & Gabbana,Diseñador,Light Blue Pour Femme
PERF-0342,Dolce & Gabbana,Diseñador,The One for Women
PERF-0343,Carolina Herrera,Diseñador,212 Men
PERF-0344,Carolina Herrera,Diseñador,212 VIP Men
PERF-0345,Carolina Herrera,Diseñador,212 VIP Black
PERF-0346,Carolina Herrera,Diseñador,212 Sexy Men
PERF-0347,Carolina Herrera,Diseñador,Bad Boy
PERF-0348,Carolina Herrera,Diseñador,Bad Boy Le Parfum
PERF-0349,Carolina Herrera,Diseñador,Bad Boy Cobalt
PERF-0350,Carolina Herrera,Diseñador,Good Girl
PERF-0351,Carolina Herrera,Diseñador,Good Girl Blush
PERF-0352,Carolina Herrera,Diseñador,Good Girl Supreme
PERF-0353,Carolina Herrera,Diseñador,Very Good Girl
PERF-0354,Carolina Herrera,Diseñador,212 VIP Rosé
PERF-0355,Paco Rabanne,Diseñador,1 Million
PERF-0356,Paco Rabanne,Diseñador,1 Million Lucky
PERF-0357,Paco Rabanne,Diseñador,1 Million Elixir
PERF-0358,Paco Rabanne,Diseñador,1 Million Parfum
PERF-0359,Paco Rabanne,Diseñador,Invictus
PERF-0360,Paco Rabanne,Diseñador,Invictus Victory
PERF-0361,Paco Rabanne,Diseñador,Invictus Platinum
PERF-0362,Paco Rabanne,Diseñador,Phantom
PERF-0363,Paco Rabanne,Diseñador,Phantom Parfum
PERF-0364,Paco Rabanne,Diseñador,Olympea
PERF-0365,Paco Rabanne,Diseñador,Olympea Legend
PERF-0366,Paco Rabanne,Diseñador,Lady Million
PERF-0367,Paco Rabanne,Diseñador,Lady Million Fabulous
PERF-0368,Givenchy,Diseñador,Gentleman Eau de Toilette
PERF-0369,Givenchy,Diseñador,Gentleman Eau de Parfum
PERF-0370,Givenchy,Diseñador,Gentleman Boisee
PERF-0371,Givenchy,Diseñador,Gentleman Reserve Privée
PERF-0372,Givenchy,Diseñador,Gentleman Society
PERF-0373,Givenchy,Diseñador,L'Interdit Eau de Parfum
PERF-0374,Givenchy,Diseñador,L'Interdit Rouge
PERF-0375,Givenchy,Diseñador,L'Interdit Intense
PERF-0376,Givenchy,Diseñador,Pi
PERF-0377,Givenchy,Diseñador,Very Irresistible
PERF-0378,Hermès,Diseñador,Terre d'Hermès
PERF-0379,Hermès,Diseñador,Terre d'Hermès Eau Givrée
PERF-0380,Hermès,Diseñador,H24
PERF-0381,Hermès,Diseñador,H24 Eau de Parfum
PERF-0382,Hermès,Diseñador,Eau des Merveilles
PERF-0383,Hermès,Diseñador,Twilly d'Hermès
PERF-0384,Hermès,Diseñador,Un Jardin Sur Le Nil
PERF-0385,Hermès,Diseñador,Un Jardin à Cythère
PERF-0386,Hermès,Diseñador,Un Jardin en Méditerranée
PERF-0387,Hermès,Diseñador,Kelly Calèche
PERF-0388,Burberry,Diseñador,Burberry Hero
PERF-0389,Burberry,Diseñador,Burberry Hero Eau de Parfum
PERF-0390,Burberry,Diseñador,Burberry London for Men
PERF-0391,Burberry,Diseñador,Burberry Touch
PERF-0392,Burberry,Diseñador,Burberry Brit
PERF-0393,Burberry,Diseñador,Burberry Brit Rhythm
PERF-0394,Burberry,Diseñador,Burberry Goddess
PERF-0395,Burberry,Diseñador,Burberry Her
PERF-0396,Burberry,Diseñador,Burberry Her Elixir
PERF-0397,Burberry,Diseñador,My Burberry
PERF-0398,Burberry,Diseñador,My Burberry Black
PERF-0399,Valentino,Diseñador,Born in Roma Uomo
PERF-0400,Valentino,Diseñador,Born in Roma Uomo Intense
PERF-0401,Valentino,Diseñador,Born in Roma Uomo Coral Fantasy
PERF-0402,Valentino,Diseñador,Born in Roma Donna
PERF-0403,Valentino,Diseñador,Born in Roma Donna Intense
PERF-0404,Valentino,Diseñador,Born in Roma Donna Coral Fantasy
PERF-0405,Valentino,Diseñador,Uomo
PERF-0406,Valentino,Diseñador,Uomo Intense
PERF-0407,Valentino,Diseñador,Voce Viva
PERF-0408,Valentino,Diseñador,Voce Viva Intensa
PERF-0409,Bvlgari,Diseñador,Man in Black
PERF-0410,Bvlgari,Diseñador,Man in Black Parfum
PERF-0411,Bvlgari,Diseñador,Man Glacial Essence
PERF-0412,Bvlgari,Diseñador,Aqva Pour Homme
PERF-0413,Bvlgari,Diseñador,Aqva Marine
PERF-0414,Bvlgari,Diseñador,Omnia Crystalline
PERF-0415,Bvlgari,Diseñador,Omnia Amethyste
PERF-0416,Bvlgari,Diseñador,Omnia Coral
PERF-0417,Bvlgari,Diseñador,Rose Goldea
PERF-0418,Bvlgari,Diseñador,Goldea
PERF-0419,Bvlgari,Diseñador,Eau Parfumée au Thé Vert
PERF-0420,Bvlgari,Diseñador,Tygar
PERF-0421,Hugo Boss,Diseñador,Boss Bottled
PERF-0422,Hugo Boss,Diseñador,Boss Bottled Intense
PERF-0423,Hugo Boss,Diseñador,Boss Bottled Elixir
PERF-0424,Hugo Boss,Diseñador,Boss The Scent
PERF-0425,Hugo Boss,Diseñador,Boss The Scent Magnetic
PERF-0426,Hugo Boss,Diseñador,Hugo Man
PERF-0427,Hugo Boss,Diseñador,Hugo Reversed
PERF-0428,Hugo Boss,Diseñador,Boss Alive
PERF-0429,Hugo Boss,Diseñador,Boss Ma Vie
PERF-0430,Hugo Boss,Diseñador,Boss Orange
PERF-0431,Hugo Boss,Diseñador,Boss Bottled Night
PERF-0432,Calvin Klein,Diseñador,CK One
PERF-0433,Calvin Klein,Diseñador,CK Be
PERF-0434,Calvin Klein,Diseñador,Euphoria Men
PERF-0435,Calvin Klein,Diseñador,Euphoria
PERF-0436,Calvin Klein,Diseñador,Obsession for Men
PERF-0437,Calvin Klein,Diseñador,Obsession
PERF-0438,Calvin Klein,Diseñador,Eternity for Men
PERF-0439,Calvin Klein,Diseñador,Eternity
PERF-0440,Calvin Klein,Diseñador,Defy
PERF-0441,Calvin Klein,Diseñador,Defy Parfum
PERF-0442,Calvin Klein,Diseñador,Escape
PERF-0443,Tom Ford,Diseñador,Oud Wood
PERF-0444,Tom Ford,Diseñador,Tobacco Vanille
PERF-0445,Tom Ford,Diseñador,Ombré Leather
PERF-0446,Tom Ford,Diseñador,Ombré Leather Parfum
PERF-0447,Tom Ford,Diseñador,Noir Extreme
PERF-0448,Tom Ford,Diseñador,Noir Extreme Parfum
PERF-0449,Tom Ford,Diseñador,Costa Azzurra
PERF-0450,Tom Ford,Diseñador,Grey Vetiver
PERF-0451,Tom Ford,Diseñador,Neroli Portofino
PERF-0452,Tom Ford,Diseñador,Lost Cherry
PERF-0453,Tom Ford,Diseñador,Bitter Peach
PERF-0454,Tom Ford,Diseñador,Black Orchid
PERF-0455,Tom Ford,Diseñador,Ébène Fumé
PERF-0456,Creed,Nicho,Aventus
PERF-0457,Creed,Nicho,Aventus for Her
PERF-0458,Creed,Nicho,Green Irish Tweed
PERF-0459,Creed,Nicho,Silver Mountain Water
PERF-0460,Creed,Nicho,Virgin Island Water
PERF-0461,Creed,Nicho,Millésime Impérial
PERF-0462,Creed,Nicho,Royal Oud
PERF-0463,Creed,Nicho,Original Santal
PERF-0464,Creed,Nicho,Himalaya
PERF-0465,Creed,Nicho,Viking
PERF-0466,Creed,Nicho,Viking Cologne
PERF-0467,Creed,Nicho,Carmina
PERF-0468,Creed,Nicho,Delphinus
PERF-0469,Parfums de Marly,Nicho,Layton
PERF-0470,Parfums de Marly,Nicho,Layton Exclusif
PERF-0471,Parfums de Marly,Nicho,Althaïr
PERF-0472,Parfums de Marly,Nicho,Herod
PERF-0473,Parfums de Marly,Nicho,Pegasus
PERF-0474,Parfums de Marly,Nicho,Pegasus Exclusif
PERF-0475,Parfums de Marly,Nicho,Sedley
PERF-0476,Parfums de Marly,Nicho,Percival
PERF-0477,Parfums de Marly,Nicho,Greenley
PERF-0478,Parfums de Marly,Nicho,Galloway
PERF-0479,Parfums de Marly,Nicho,Carlisle
PERF-0480,Parfums de Marly,Nicho,Oajan
PERF-0481,Parfums de Marly,Nicho,Delina
PERF-0482,Parfums de Marly,Nicho,Delina Exclusif
PERF-0483,Parfums de Marly,Nicho,Delina La Rosée
PERF-0484,Parfums de Marly,Nicho,Meliora
PERF-0485,Parfums de Marly,Nicho,Orianna
PERF-0486,Parfums de Marly,Nicho,Valaya
PERF-0487,Parfums de Marly,Nicho,Kalan
PERF-0488,Xerjoff,Nicho,Naxos
PERF-0489,Xerjoff,Nicho,Erba Pura
PERF-0490,Xerjoff,Nicho,Erba Gold
PERF-0491,Xerjoff,Nicho,Alexandria II
PERF-0492,Xerjoff,Nicho,40 Knots
PERF-0493,Xerjoff,Nicho,Torino21
PERF-0494,Xerjoff,Nicho,Torino22
PERF-0495,Xerjoff,Nicho,More Than Words
PERF-0496,Xerjoff,Nicho,Lira
PERF-0497,Xerjoff,Nicho,Italica
PERF-0498,Xerjoff,Nicho,Mefisto Gentiluomo
PERF-0499,Xerjoff,Nicho,Renaissance
PERF-0500,Xerjoff,Nicho,Nio
PERF-0501,Xerjoff,Nicho,Accento
PERF-0502,Xerjoff,Nicho,Opera
PERF-0503,Amouage,Nicho,Interlude Man
PERF-0504,Amouage,Nicho,Interlude Black Iris
PERF-0505,Amouage,Nicho,Reflection Man
PERF-0506,Amouage,Nicho,Reflection Woman
PERF-0507,Amouage,Nicho,Jubilation XXV
PERF-0508,Amouage,Nicho,Jubilation 40
PERF-0509,Amouage,Nicho,Epic Man
PERF-0510,Amouage,Nicho,Epic Woman
PERF-0511,Amouage,Nicho,Memoir Man
PERF-0512,Amouage,Nicho,Memoir Woman
PERF-0513,Amouage,Nicho,Guidance
PERF-0514,Amouage,Nicho,Guidance 46
PERF-0515,Amouage,Nicho,Purpose
PERF-0516,Amouage,Nicho,Enclave
PERF-0517,Amouage,Nicho,Beach Hut Man
PERF-0518,Nishane,Nicho,Hacivat
PERF-0519,Nishane,Nicho,Ani
PERF-0520,Nishane,Nicho,Ani X
PERF-0521,Nishane,Nicho,Hundred Silent Ways
PERF-0522,Nishane,Nicho,Fan Your Flames
PERF-0523,Nishane,Nicho,Wulong Cha
PERF-0524,Nishane,Nicho,Wulong Cha X
PERF-0525,Nishane,Nicho,Nefs
PERF-0526,Nishane,Nicho,Ege
PERF-0527,Nishane,Nicho,Ambra Calabria
PERF-0528,Nishane,Nicho,Shem
PERF-0529,Nishane,Nicho,Papilefiko
PERF-0530,Nishane,Nicho,Karagoz
PERF-0531,Nishane,Nicho,Tuberoza
PERF-0532,Initio Parfums Privés,Nicho,Side Effect
PERF-0533,Initio Parfums Privés,Nicho,Oud for Greatness
PERF-0534,Initio Parfums Privés,Nicho,Oud for Happiness
PERF-0535,Initio Parfums Privés,Nicho,Atomic Rose
PERF-0536,Initio Parfums Privés,Nicho,Rehab
PERF-0537,Initio Parfums Privés,Nicho,Musk Therapy
PERF-0538,Initio Parfums Privés,Nicho,Psychedelic Love
PERF-0539,Initio Parfums Privés,Nicho,Blessed Baraka
PERF-0540,Initio Parfums Privés,Nicho,High Frequency
PERF-0541,Initio Parfums Privés,Nicho,Addictive Vibration
PERF-0542,Initio Parfums Privés,Nicho,Paragon
PERF-0543,Initio Parfums Privés,Nicho,Absolute Aphrodisiac
PERF-0544,Initio Parfums Privés,Nicho,Mystic Experience
PERF-0545,Byredo,Nicho,Bal d'Afrique
PERF-0546,Byredo,Nicho,Gypsy Water
PERF-0547,Byredo,Nicho,Mojave Ghost
PERF-0548,Byredo,Nicho,Bibliothèque
PERF-0549,Byredo,Nicho,Blanche
PERF-0550,Byredo,Nicho,Black Saffron
PERF-0551,Byredo,Nicho,Super Cedar
PERF-0552,Byredo,Nicho,Rose of No Man's Land
PERF-0553,Byredo,Nicho,Pulp
PERF-0554,Byredo,Nicho,Mixed Emotions
PERF-0555,Byredo,Nicho,De Los Santos
PERF-0556,Byredo,Nicho,Young Rose
PERF-0557,Byredo,Nicho,Vanille Antique
PERF-0558,Le Labo,Nicho,Santal 33
PERF-0559,Le Labo,Nicho,Another 13
PERF-0560,Le Labo,Nicho,Bergamote 22
PERF-0561,Le Labo,Nicho,Rose 31
PERF-0562,Le Labo,Nicho,Thé Noir 29
PERF-0563,Le Labo,Nicho,The Matcha 26
PERF-0564,Le Labo,Nicho,Baie 19
PERF-0565,Le Labo,Nicho,Musc 25
PERF-0566,Le Labo,Nicho,Neroli 36
PERF-0567,Le Labo,Nicho,Patchouli 24
PERF-0568,Le Labo,Nicho,Vetiver 46
PERF-0569,Le Labo,Nicho,Oud 27
PERF-0570,Le Labo,Nicho,Citron 28
PERF-0571,Maison Francis Kurkdjian,Nicho,Baccarat Rouge 540
PERF-0572,Maison Francis Kurkdjian,Nicho,Baccarat Rouge 540 Extrait
PERF-0573,Maison Francis Kurkdjian,Nicho,Gentle Fluidity Gold
PERF-0574,Maison Francis Kurkdjian,Nicho,Gentle Fluidity Silver
PERF-0575,Maison Francis Kurkdjian,Nicho,Grand Soir
PERF-0576,Maison Francis Kurkdjian,Nicho,Amyris Homme
PERF-0577,Maison Francis Kurkdjian,Nicho,Amyris Femme
PERF-0578,Maison Francis Kurkdjian,Nicho,Oud Satin Mood
PERF-0579,Maison Francis Kurkdjian,Nicho,Oud Satin Mood Extrait
PERF-0580,Maison Francis Kurkdjian,Nicho,724
PERF-0581,Maison Francis Kurkdjian,Nicho,Aqua Universalis
PERF-0582,Maison Francis Kurkdjian,Nicho,L'Homme À la rose
PERF-0583,Maison Francis Kurkdjian,Nicho,À la rose
PERF-0584,Maison Francis Kurkdjian,Nicho,Petit Matin
PERF-0585,Frederic Malle,Nicho,Portrait of a Lady
PERF-0586,Frederic Malle,Nicho,Musc Ravageur
PERF-0587,Frederic Malle,Nicho,French Lover
PERF-0588,Frederic Malle,Nicho,Carnal Flower
PERF-0589,Frederic Malle,Nicho,Musc Oud
PERF-0590,Frederic Malle,Nicho,The Moon
PERF-0591,Frederic Malle,Nicho,En Passant
PERF-0592,Frederic Malle,Nicho,Bigarade Concentrée
PERF-0593,Frederic Malle,Nicho,Vetiver Extraordinaire
PERF-0594,Frederic Malle,Nicho,Promise
PERF-0595,Frederic Malle,Nicho,Lys Méditerranée
PERF-0596,Frederic Malle,Nicho,Uncut Gem
PERF-0597,Frederic Malle,Nicho,Synthetic Jungle
PERF-0598,Diptyque,Nicho,Philosykos
PERF-0599,Diptyque,Nicho,Eau Rose
PERF-0600,Diptyque,Nicho,Do Son
PERF-0601,Diptyque,Nicho,Orphéon
PERF-0602,Diptyque,Nicho,Tam Dao
PERF-0603,Diptyque,Nicho,Fleur de Peau
PERF-0604,Diptyque,Nicho,Eau Duelle
PERF-0605,Diptyque,Nicho,L'Ombre dans L'Eau
PERF-0606,Diptyque,Nicho,34 Boulevard Saint Germain
PERF-0607,Diptyque,Nicho,Baies
PERF-0608,Diptyque,Nicho,Oyédo
PERF-0609,Diptyque,Nicho,Tempo
PERF-0610,Diptyque,Nicho,Volutes
PERF-0611,Kilian Paris,Nicho,Angels' Share
PERF-0612,Kilian Paris,Nicho,"Love, Don't Be Shy"
PERF-0613,Kilian Paris,Nicho,Black Phantom
PERF-0614,Kilian Paris,Nicho,Straight to Heaven
PERF-0615,Kilian Paris,Nicho,Good Girl Gone Bad
PERF-0616,Kilian Paris,Nicho,Intoxicated
PERF-0617,Kilian Paris,Nicho,Apple Brandy on the Rocks
PERF-0618,Kilian Paris,Nicho,Roses on Ice
PERF-0619,Kilian Paris,Nicho,Smoking Hot
PERF-0620,Kilian Paris,Nicho,Vodka on the Rocks
PERF-0621,Kilian Paris,Nicho,Rolling in Love
PERF-0622,Kilian Paris,Nicho,Moonlight in Heaven
PERF-0623,Kilian Paris,Nicho,Old Fashioned
PERF-0624,Montale,Nicho,Arabians Tonka
PERF-0625,Montale,Nicho,Arabians
PERF-0626,Montale,Nicho,Intense Café
PERF-0627,Montale,Nicho,Roses Musk
PERF-0628,Montale,Nicho,Chocolate Greedy
PERF-0629,Montale,Nicho,Black Aoud
PERF-0630,Montale,Nicho,Oud Tobacco
PERF-0631,Montale,Nicho,Oudmazing
PERF-0632,Montale,Nicho,Honey Aoud
PERF-0633,Montale,Nicho,Red Aoud
PERF-0634,Montale,Nicho,Starry Nights
PERF-0635,Montale,Nicho,Vanilla Cake
PERF-0636,Montale,Nicho,Aoud Night
PERF-0637,Serge Lutens,Nicho,Chergui
PERF-0638,Serge Lutens,Nicho,Ambre Sultan
PERF-0639,Serge Lutens,Nicho,Féminité du Bois
PERF-0640,Serge Lutens,Nicho,La Fille de Berlin
PERF-0641,Serge Lutens,Nicho,Un Bois Vanille
PERF-0642,Serge Lutens,Nicho,Arabie
PERF-0643,Serge Lutens,Nicho,Five O'Clock au Gingembre
PERF-0644,Serge Lutens,Nicho,Santal Majuscule
PERF-0645,Serge Lutens,Nicho,Borneo 1834
PERF-0646,Serge Lutens,Nicho,L'Orpheline
PERF-0647,Penhaligon's,Nicho,Halfeti
PERF-0648,Penhaligon's,Nicho,The Tragedy of Lord George
PERF-0649,Penhaligon's,Nicho,Halfeti Leather
PERF-0650,Penhaligon's,Nicho,Endymion
PERF-0651,Penhaligon's,Nicho,Endymion Concentré
PERF-0652,Penhaligon's,Nicho,The Blazing Mr Sam
PERF-0653,Penhaligon's,Nicho,Changing Constance
PERF-0654,Penhaligon's,Nicho,The Favourite
PERF-0655,Penhaligon's,Nicho,Luna
PERF-0656,Penhaligon's,Nicho,Juniper Sling
PERF-0657,Penhaligon's,Nicho,Quercus
PERF-0658,Roja Parfums,Nicho,Elysium Pour Homme
PERF-0659,Roja Parfums,Nicho,Elysium Pour Femme
PERF-0660,Roja Parfums,Nicho,Enigma Pour Homme
PERF-0661,Roja Parfums,Nicho,Enigma Pour Femme
PERF-0662,Roja Parfums,Nicho,Danger
PERF-0663,Roja Parfums,Nicho,Creation-E
PERF-0664,Roja Parfums,Nicho,Burlington 1819
PERF-0665,Roja Parfums,Nicho,Apex
PERF-0666,Roja Parfums,Nicho,Diaghilev
PERF-0667,Roja Parfums,Nicho,Midsummer Dream
PERF-0668,Ex Nihilo,Nicho,Fleur Narcotique
PERF-0669,Ex Nihilo,Nicho,Lust in Paradise
PERF-0670,Ex Nihilo,Nicho,Brompton Immortals
PERF-0671,Ex Nihilo,Nicho,The Hedonist
PERF-0672,Ex Nihilo,Nicho,Blue Talisman
PERF-0673,Ex Nihilo,Nicho,Gold Immortals
PERF-0674,Ex Nihilo,Nicho,Santal Calling
PERF-0675,Ex Nihilo,Nicho,Honore Delights
PERF-0676,Ex Nihilo,Nicho,Vesper Glitz
PERF-0677,Ex Nihilo,Nicho,Musky Haze
PERF-0678,Matière Première,Nicho,Parisian Musc
PERF-0679,Matière Première,Nicho,Encens Suave
PERF-0680,Matière Première,Nicho,Radical Rose
PERF-0681,Matière Première,Nicho,Falcon Leather
PERF-0682,Matière Première,Nicho,French Flower
PERF-0683,Matière Première,Nicho,Santal Austral
PERF-0684,Matière Première,Nicho,Vanille Powder
PERF-0685,Matière Première,Nicho,Crystal Saffron
PERF-0686,Matière Première,Nicho,Cologne Cédrat
PERF-0687,Matière Première,Nicho,Bois d'Ébène
PERF-0688,Ormonde Jayne,Nicho,Ormonde Man
PERF-0689,Ormonde Jayne,Nicho,Ormonde Woman
PERF-0690,Ormonde Jayne,Nicho,Montabaco Intensivo
PERF-0691,Ormonde Jayne,Nicho,Montabaco Verano
PERF-0692,Ormonde Jayne,Nicho,Isfarkand
PERF-0693,Ormonde Jayne,Nicho,Ta'if
PERF-0694,Ormonde Jayne,Nicho,Nawab of Oud
PERF-0695,Ormonde Jayne,Nicho,Ambre Royal
PERF-0696,Ormonde Jayne,Nicho,Champaca
